timestamp,funding_rate,datetime
1744099200000,7.245e-05,2025-04-08 08:00:00+00:00
1744128000000,3.545e-05,2025-04-08 16:00:00+00:00
1744156800000,2.267e-05,2025-04-09 00:00:00+00:00
1744185600000,-2.068e-05,2025-04-09 08:00:00+00:00
1744214400000,0.0001,2025-04-09 16:00:00+00:00
1744243200000,9.218e-05,2025-04-10 00:00:00+00:00
1744272000000,0.0001,2025-04-10 08:00:00+00:00
1744300800000,4.691e-05,2025-04-10 16:00:00+00:00
1744329600000,-3.007e-05,2025-04-11 00:00:00+00:00
1744358400000,4.989e-05,2025-04-11 08:00:00+00:00
1744387200000,0.0001,2025-04-11 16:00:00+00:00
1744416000000,6.951e-05,2025-04-12 00:00:00+00:00
1744444800000,-9.06e-06,2025-04-12 08:00:00+00:00
1744473600000,1.472e-05,2025-04-12 16:00:00+00:00
1744502400000,7.698e-05,2025-04-13 00:00:00+00:00
1744531200000,1.214e-05,2025-04-13 08:00:00+00:00
1744560000000,-3.89e-06,2025-04-13 16:00:00+00:00
1744588800000,-3.415e-05,2025-04-14 00:00:00+00:00
1744617600000,5.162e-05,2025-04-14 08:00:00+00:00
1744646400000,3.854e-05,2025-04-14 16:00:00+00:00
1744675200000,3.92e-06,2025-04-15 00:00:00+00:00
1744704000000,0.0001,2025-04-15 08:00:00+00:00
1744732800000,7.167e-05,2025-04-15 16:00:00+00:00
1744761600000,-6.198e-05,2025-04-16 00:00:00+00:00
1744790400000,-9.053e-05,2025-04-16 08:00:00+00:00
1744819200000,-1.926e-05,2025-04-16 16:00:00+00:00
1744848000000,-9.84e-06,2025-04-17 00:00:00+00:00
1744876800000,8.12e-06,2025-04-17 08:00:00+00:00
1744905600000,-1.058e-05,2025-04-17 16:00:00+00:00
1744934400000,3.447e-05,2025-04-18 00:00:00+00:00
1744963200000,2.96e-06,2025-04-18 08:00:00+00:00
1744992000000,-5.146e-05,2025-04-18 16:00:00+00:00
1745020800000,-1.215e-05,2025-04-19 00:00:00+00:00
1745049600000,6.867e-05,2025-04-19 08:00:00+00:00
1745078400000,0.0001,2025-04-19 16:00:00+00:00
1745107200000,7.048e-05,2025-04-20 00:00:00+00:00
1745136000000,-1.807e-05,2025-04-20 08:00:00+00:00
1745164800000,-7.66e-05,2025-04-20 16:00:00+00:00
1745193600000,1.937e-05,2025-04-21 00:00:00+00:00
1745222400000,0.0001,2025-04-21 08:00:00+00:00
1745251200000,9.109e-05,2025-04-21 16:00:00+00:00
1745280000000,3.961e-05,2025-04-22 00:00:00+00:00
1745308800000,4.038e-05,2025-04-22 08:00:00+00:00
1745337600000,-1.936e-05,2025-04-22 16:00:00+00:00
1745366400000,-2.647e-05,2025-04-23 00:00:00+00:00
1745395200000,5.975e-05,2025-04-23 08:00:00+00:00
1745424000000,2.238e-05,2025-04-23 16:00:00+00:00
1745452800000,-3.794e-05,2025-04-24 00:00:00+00:00
1745481600000,1.49e-05,2025-04-24 08:00:00+00:00
1745510400000,-6.18e-06,2025-04-24 16:00:00+00:00
1745539200000,8.908e-05,2025-04-25 00:00:00+00:00
1745568000000,3.245e-05,2025-04-25 08:00:00+00:00
1745596800000,4.921e-05,2025-04-25 16:00:00+00:00
1745625600000,-7.485e-05,2025-04-26 00:00:00+00:00
1745654400000,1.459e-05,2025-04-26 08:00:00+00:00
1745683200000,4.978e-05,2025-04-26 16:00:00+00:00
1745712000000,-6.573e-05,2025-04-27 00:00:00+00:00
1745740800000,-1.749e-05,2025-04-27 08:00:00+00:00
1745769600000,-3.295e-05,2025-04-27 16:00:00+00:00
1745798400000,1.103e-05,2025-04-28 00:00:00+00:00
1745827200000,5.621e-05,2025-04-28 08:00:00+00:00
1745856000000,5.89e-06,2025-04-28 16:00:00+00:00
1745884800000,-4.385e-05,2025-04-29 00:00:00+00:00
1745913600000,3.872e-05,2025-04-29 08:00:00+00:00
1745942400000,1.268e-05,2025-04-29 16:00:00+00:00
1745971200000,-2.275e-05,2025-04-30 00:00:00+00:00
1746000000000,9.197e-05,2025-04-30 08:00:00+00:00
1746028800000,2.9e-07,2025-04-30 16:00:00+00:00
1746057600000,-4.8e-07,2025-05-01 00:00:00+00:00
1746086400000,5.255e-05,2025-05-01 08:00:00+00:00
1746115200000,3.782e-05,2025-05-01 16:00:00+00:00
1746144000000,-3.523e-05,2025-05-02 00:00:00+00:00
1746172800000,2.857e-05,2025-05-02 08:00:00+00:00
1746201600000,-3.03e-05,2025-05-02 16:00:00+00:00
1746230400000,-0.00011068,2025-05-03 00:00:00+00:00
1746259200000,-1.484e-05,2025-05-03 08:00:00+00:00
1746288000000,-6.553e-05,2025-05-03 16:00:00+00:00
1746316800000,3.12e-06,2025-05-04 00:00:00+00:00
1746345600000,4.616e-05,2025-05-04 08:00:00+00:00
1746374400000,3.498e-05,2025-05-04 16:00:00+00:00
1746403200000,-7.123e-05,2025-05-05 00:00:00+00:00
1746432000000,6.744e-05,2025-05-05 08:00:00+00:00
1746460800000,2.175e-05,2025-05-05 16:00:00+00:00
1746489600000,-1.78e-05,2025-05-06 00:00:00+00:00
1746518400000,-6.83e-06,2025-05-06 08:00:00+00:00
1746547200000,2.767e-05,2025-05-06 16:00:00+00:00
1746576000000,1.728e-05,2025-05-07 00:00:00+00:00
1746604800000,8.919e-05,2025-05-07 08:00:00+00:00
1746633600000,1.529e-05,2025-05-07 16:00:00+00:00
1746662400000,6.604e-05,2025-05-08 00:00:00+00:00
1746691200000,0.0001,2025-05-08 08:00:00+00:00
1746720000000,0.0001,2025-05-08 16:00:00+00:00
1746748800000,0.0001,2025-05-09 00:00:00+00:00
1746777600000,9.238e-05,2025-05-09 08:00:00+00:00
1746806400000,5.521e-05,2025-05-09 16:00:00+00:00
1746835200000,7.638e-05,2025-05-10 00:00:00+00:00
1746864000000,0.0001,2025-05-10 08:00:00+00:00
1746892800000,0.0001,2025-05-10 16:00:00+00:00
1746921600000,8.081e-05,2025-05-11 00:00:00+00:00
1746950400000,0.0001,2025-05-11 08:00:00+00:00
1746979200000,0.0001,2025-05-11 16:00:00+00:00
1747008000000,0.0001,2025-05-12 00:00:00+00:00
1747036800000,0.0001,2025-05-12 08:00:00+00:00
1747065600000,7.469e-05,2025-05-12 16:00:00+00:00
1747094400000,6.072e-05,2025-05-13 00:00:00+00:00
1747123200000,4.172e-05,2025-05-13 08:00:00+00:00
1747152000000,1.231e-05,2025-05-13 16:00:00+00:00
1747180800000,2.701e-05,2025-05-14 00:00:00+00:00
1747209600000,5.778e-05,2025-05-14 08:00:00+00:00
1747238400000,-1.591e-05,2025-05-14 16:00:00+00:00
1747267200000,-3.808e-05,2025-05-15 00:00:00+00:00
1747296000000,-2.825e-05,2025-05-15 08:00:00+00:00
1747324800000,3.38e-05,2025-05-15 16:00:00+00:00
1747353600000,-8.4e-06,2025-05-16 00:00:00+00:00
1747382400000,3.052e-05,2025-05-16 08:00:00+00:00
1747411200000,1.606e-05,2025-05-16 16:00:00+00:00
1747440000000,-1.98e-06,2025-05-17 00:00:00+00:00
1747468800000,1.723e-05,2025-05-17 08:00:00+00:00
1747497600000,2.515e-05,2025-05-17 16:00:00+00:00
1747526400000,6.156e-05,2025-05-18 00:00:00+00:00
1747555200000,3.858e-05,2025-05-18 08:00:00+00:00
1747584000000,0.0001,2025-05-18 16:00:00+00:00
1747612800000,0.0001,2025-05-19 00:00:00+00:00
1747641600000,1.146e-05,2025-05-19 08:00:00+00:00
1747670400000,5.514e-05,2025-05-19 16:00:00+00:00
1747699200000,5.531e-05,2025-05-20 00:00:00+00:00
1747728000000,7.096e-05,2025-05-20 08:00:00+00:00
1747756800000,4.4e-06,2025-05-20 16:00:00+00:00
1747785600000,5.146e-05,2025-05-21 00:00:00+00:00
1747814400000,7.956e-05,2025-05-21 08:00:00+00:00
1747843200000,4.226e-05,2025-05-21 16:00:00+00:00
1747872000000,7.967e-05,2025-05-22 00:00:00+00:00
1747900800000,0.0001,2025-05-22 08:00:00+00:00
1747929600000,9.599e-05,2025-05-22 16:00:00+00:00
1747958400000,2.206e-05,2025-05-23 00:00:00+00:00
1747987200000,5.364e-05,2025-05-23 08:00:00+00:00
1748016000000,6.534e-05,2025-05-23 16:00:00+00:00
1748044800000,2.203e-05,2025-05-24 00:00:00+00:00
1748073600000,3.436e-05,2025-05-24 08:00:00+00:00
1748102400000,4.126e-05,2025-05-24 16:00:00+00:00
1748131200000,7.422e-05,2025-05-25 00:00:00+00:00
1748160000000,0.0001,2025-05-25 08:00:00+00:00
1748188800000,5.451e-05,2025-05-25 16:00:00+00:00
1748217600000,0.0001,2025-05-26 00:00:00+00:00
1748246400000,0.0001,2025-05-26 08:00:00+00:00
1748275200000,9.627e-05,2025-05-26 16:00:00+00:00
1748304000000,0.0001,2025-05-27 00:00:00+00:00
1748332800000,3.247e-05,2025-05-27 08:00:00+00:00
1748361600000,2.161e-05,2025-05-27 16:00:00+00:00
1748390400000,-0.00015645,2025-05-28 00:00:00+00:00
1748419200000,-9.526e-05,2025-05-28 08:00:00+00:00
1748448000000,3.181e-05,2025-05-28 16:00:00+00:00
1748476800000,7.753e-05,2025-05-29 00:00:00+00:00
1748505600000,5.974e-05,2025-05-29 08:00:00+00:00
1748534400000,-1.219e-05,2025-05-29 16:00:00+00:00
1748563200000,0.0001,2025-05-30 00:00:00+00:00
1748592000000,9.532e-05,2025-05-30 08:00:00+00:00
1748620800000,0.0001,2025-05-30 16:00:00+00:00
1748649600000,0.0001,2025-05-31 00:00:00+00:00
1748678400000,0.0001,2025-05-31 08:00:00+00:00
1748707200000,0.0001,2025-05-31 16:00:00+00:00
1748736000000,0.0001,2025-06-01 00:00:00+00:00
1748764800000,9.391e-05,2025-06-01 08:00:00+00:00
1748793600000,7.421e-05,2025-06-01 16:00:00+00:00
1748822400000,0.0001,2025-06-02 00:00:00+00:00
1748851200000,6.634e-05,2025-06-02 08:00:00+00:00
1748880000000,5.94e-06,2025-06-02 16:00:00+00:00
1748908800000,2.472e-05,2025-06-03 00:00:00+00:00
1748937600000,-1.601e-05,2025-06-03 08:00:00+00:00
1748966400000,5.591e-05,2025-06-03 16:00:00+00:00
1748995200000,-5.82e-06,2025-06-04 00:00:00+00:00
1749024000000,-4.859e-05,2025-06-04 08:00:00+00:00
1749052800000,3.102e-05,2025-06-04 16:00:00+00:00
1749081600000,3.35e-06,2025-06-05 00:00:00+00:00
1749110400000,-2.24e-06,2025-06-05 08:00:00+00:00
1749139200000,1.778e-05,2025-06-05 16:00:00+00:00
1749168000000,6.6e-05,2025-06-06 00:00:00+00:00
1749196800000,4.75e-06,2025-06-06 08:00:00+00:00
1749225600000,1.407e-05,2025-06-06 16:00:00+00:00
1749254400000,-5.637e-05,2025-06-07 00:00:00+00:00
1749283200000,0.0001,2025-06-07 08:00:00+00:00
1749312000000,1.688e-05,2025-06-07 16:00:00+00:00
1749340800000,3.43e-05,2025-06-08 00:00:00+00:00
1749369600000,-1.743e-05,2025-06-08 08:00:00+00:00
1749398400000,-2.669e-05,2025-06-08 16:00:00+00:00
1749427200000,-3.739e-05,2025-06-09 00:00:00+00:00
1749456000000,2.264e-05,2025-06-09 08:00:00+00:00
1749484800000,0.0001,2025-06-09 16:00:00+00:00
1749513600000,8.11e-05,2025-06-10 00:00:00+00:00
1749542400000,8.419e-05,2025-06-10 08:00:00+00:00
1749571200000,0.0001,2025-06-10 16:00:00+00:00
1749600000000,7.171e-05,2025-06-11 00:00:00+00:00
1749628800000,4.509e-05,2025-06-11 08:00:00+00:00
1749657600000,5.768e-05,2025-06-11 16:00:00+00:00
1749686400000,5.521e-05,2025-06-12 00:00:00+00:00
1749715200000,7.557e-05,2025-06-12 08:00:00+00:00
1749744000000,4.748e-05,2025-06-12 16:00:00+00:00
1749772800000,-1.155e-05,2025-06-13 00:00:00+00:00
1749801600000,6.608e-05,2025-06-13 08:00:00+00:00
1749830400000,4.363e-05,2025-06-13 16:00:00+00:00
1749859200000,5.74e-06,2025-06-14 00:00:00+00:00
1749888000000,-1.611e-05,2025-06-14 08:00:00+00:00
1749916800000,-2.466e-05,2025-06-14 16:00:00+00:00
1749945600000,7.299e-05,2025-06-15 00:00:00+00:00
1749974400000,7.17e-05,2025-06-15 08:00:00+00:00
1750003200000,0.0001,2025-06-15 16:00:00+00:00
1750032000000,4.753e-05,2025-06-16 00:00:00+00:00
1750060800000,0.0001,2025-06-16 08:00:00+00:00
1750089600000,4.729e-05,2025-06-16 16:00:00+00:00
1750118400000,3.074e-05,2025-06-17 00:00:00+00:00
1750147200000,6.718e-05,2025-06-17 08:00:00+00:00
1750176000000,3.008e-05,2025-06-17 16:00:00+00:00
1750204800000,-1.427e-05,2025-06-18 00:00:00+00:00
1750233600000,2.43e-06,2025-06-18 08:00:00+00:00
1750262400000,2.945e-05,2025-06-18 16:00:00+00:00
1750291200000,1.655e-05,2025-06-19 00:00:00+00:00
1750320000000,1.318e-05,2025-06-19 08:00:00+00:00
1750348800000,-9.7e-07,2025-06-19 16:00:00+00:00
1750377600000,7.635e-05,2025-06-20 00:00:00+00:00
1750406400000,6.425e-05,2025-06-20 08:00:00+00:00
1750435200000,7.09e-06,2025-06-20 16:00:00+00:00
1750464000000,3.019e-05,2025-06-21 00:00:00+00:00
1750492800000,-2.522e-05,2025-06-21 08:00:00+00:00
1750521600000,3.388e-05,2025-06-21 16:00:00+00:00
1750550400000,-5.39e-06,2025-06-22 00:00:00+00:00
1750579200000,7.054e-05,2025-06-22 08:00:00+00:00
1750608000000,6.17e-06,2025-06-22 16:00:00+00:00
1750636800000,-8.53e-06,2025-06-23 00:00:00+00:00
1750665600000,1.988e-05,2025-06-23 08:00:00+00:00
1750694400000,-3.379e-05,2025-06-23 16:00:00+00:00
1750723200000,3.432e-05,2025-06-24 00:00:00+00:00
1750752000000,5.734e-05,2025-06-24 08:00:00+00:00
1750780800000,6.19e-06,2025-06-24 16:00:00+00:00
1750809600000,-2.753e-05,2025-06-25 00:00:00+00:00
1750838400000,4.784e-05,2025-06-25 08:00:00+00:00
1750867200000,-2.087e-05,2025-06-25 16:00:00+00:00
1750896000000,-7.601e-05,2025-06-26 00:00:00+00:00
1750924800000,6.85e-06,2025-06-26 08:00:00+00:00
1750953600000,-6.6e-07,2025-06-26 16:00:00+00:00
1750982400000,-1.85e-05,2025-06-27 00:00:00+00:00
1751011200000,1.488e-05,2025-06-27 08:00:00+00:00
1751040000000,3.673e-05,2025-06-27 16:00:00+00:00
1751068800000,-4.711e-05,2025-06-28 00:00:00+00:00
1751097600000,1.239e-05,2025-06-28 08:00:00+00:00
1751126400000,6.048e-05,2025-06-28 16:00:00+00:00
1751155200000,4.098e-05,2025-06-29 00:00:00+00:00
1751184000000,1.443e-05,2025-06-29 08:00:00+00:00
1751212800000,8.52e-06,2025-06-29 16:00:00+00:00
1751241600000,1.024e-05,2025-06-30 00:00:00+00:00
1751270400000,4.958e-05,2025-06-30 08:00:00+00:00
1751299200000,-9.29e-06,2025-06-30 16:00:00+00:00
1751328000000,-3.21e-06,2025-07-01 00:00:00+00:00
1751356800000,-2.184e-05,2025-07-01 08:00:00+00:00
1751385600000,1.879e-05,2025-07-01 16:00:00+00:00
1751414400000,4.989e-05,2025-07-02 00:00:00+00:00
1751443200000,6.496e-05,2025-07-02 08:00:00+00:00
1751472000000,5.727e-05,2025-07-02 16:00:00+00:00
1751500800000,5.264e-05,2025-07-03 00:00:00+00:00
1751529600000,5.847e-05,2025-07-03 08:00:00+00:00
1751558400000,7.064e-05,2025-07-03 16:00:00+00:00
1751587200000,5.716e-05,2025-07-04 00:00:00+00:00
1751616000000,2.295e-05,2025-07-04 08:00:00+00:00
1751644800000,2.892e-05,2025-07-04 16:00:00+00:00
1751673600000,0.0001,2025-07-05 00:00:00+00:00
1751702400000,6.637e-05,2025-07-05 08:00:00+00:00
1751731200000,6.102e-05,2025-07-05 16:00:00+00:00
1751760000000,1.647e-05,2025-07-06 00:00:00+00:00
1751788800000,1.14e-06,2025-07-06 08:00:00+00:00
1751817600000,4.813e-05,2025-07-06 16:00:00+00:00
1751846400000,8.67e-05,2025-07-07 00:00:00+00:00
1751875200000,7.141e-05,2025-07-07 08:00:00+00:00
1751904000000,2.928e-05,2025-07-07 16:00:00+00:00
1751932800000,-5.019e-05,2025-07-08 00:00:00+00:00
1751961600000,3.413e-05,2025-07-08 08:00:00+00:00
1751990400000,3.93e-05,2025-07-08 16:00:00+00:00
1752019200000,3.556e-05,2025-07-09 00:00:00+00:00
1752048000000,4.809e-05,2025-07-09 08:00:00+00:00
1752076800000,6.67e-05,2025-07-09 16:00:00+00:00
1752105600000,8.704e-05,2025-07-10 00:00:00+00:00
1752134400000,6.1e-05,2025-07-10 08:00:00+00:00
1752163200000,7.94e-05,2025-07-10 16:00:00+00:00
1752192000000,0.0001,2025-07-11 00:00:00+00:00
1752220800000,0.0001,2025-07-11 08:00:00+00:00
1752249600000,0.0001,2025-07-11 16:00:00+00:00
1752278400000,0.0001,2025-07-12 00:00:00+00:00
1752307200000,0.0001,2025-07-12 08:00:00+00:00
1752336000000,0.0001,2025-07-12 16:00:00+00:00
1752364800000,7.909e-05,2025-07-13 00:00:00+00:00
1752393600000,8.875e-05,2025-07-13 08:00:00+00:00
1752422400000,9.26e-05,2025-07-13 16:00:00+00:00
1752451200000,6.157e-05,2025-07-14 00:00:00+00:00
1752480000000,0.0001,2025-07-14 08:00:00+00:00
1752508800000,0.0001,2025-07-14 16:00:00+00:00
1752537600000,0.0001,2025-07-15 00:00:00+00:00
1752566400000,0.0001,2025-07-15 08:00:00+00:00
1752595200000,0.0001,2025-07-15 16:00:00+00:00
1752624000000,0.0001,2025-07-16 00:00:00+00:00
1752652800000,0.0001,2025-07-16 08:00:00+00:00
1752681600000,0.0001,2025-07-16 16:00:00+00:00
1752710400000,0.0001,2025-07-17 00:00:00+00:00
1752739200000,0.0001,2025-07-17 08:00:00+00:00
1752768000000,0.0001,2025-07-17 16:00:00+00:00
1752796800000,0.0001,2025-07-18 00:00:00+00:00
1752825600000,0.0001,2025-07-18 08:00:00+00:00
1752854400000,0.0001,2025-07-18 16:00:00+00:00
1752883200000,0.0001,2025-07-19 00:00:00+00:00
1752912000000,0.0001,2025-07-19 08:00:00+00:00
1752940800000,0.0001,2025-07-19 16:00:00+00:00
1752969600000,0.0001,2025-07-20 00:00:00+00:00
1752998400000,0.0001,2025-07-20 08:00:00+00:00
1753027200000,0.0001,2025-07-20 16:00:00+00:00
1753056000000,0.0001,2025-07-21 00:00:00+00:00
1753084800000,0.0001,2025-07-21 08:00:00+00:00
1753113600000,0.0001,2025-07-21 16:00:00+00:00
1753142400000,0.0001,2025-07-22 00:00:00+00:00
1753171200000,0.0001,2025-07-22 08:00:00+00:00
1753200000000,0.0001,2025-07-22 16:00:00+00:00
1753228800000,0.00011431,2025-07-23 00:00:00+00:00
1753257600000,0.0001,2025-07-23 08:00:00+00:00
1753286400000,0.0001,2025-07-23 16:00:00+00:00
1753315200000,0.0001,2025-07-24 00:00:00+00:00
1753344000000,0.0001,2025-07-24 08:00:00+00:00
1753372800000,0.0001,2025-07-24 16:00:00+00:00
1753401600000,0.0001,2025-07-25 00:00:00+00:00
1753430400000,0.0001,2025-07-25 08:00:00+00:00
1753459200000,0.0001,2025-07-25 16:00:00+00:00
1753488000000,0.0001,2025-07-26 00:00:00+00:00
1753516800000,0.0001,2025-07-26 08:00:00+00:00
1753545600000,0.0001,2025-07-26 16:00:00+00:00
1753574400000,0.0001,2025-07-27 00:00:00+00:00
1753603200000,0.0001,2025-07-27 08:00:00+00:00
1753632000000,0.0001,2025-07-27 16:00:00+00:00
1753660800000,0.0001,2025-07-28 00:00:00+00:00
1753689600000,0.0001,2025-07-28 08:00:00+00:00
1753718400000,0.0001,2025-07-28 16:00:00+00:00
1753747200000,0.0001,2025-07-29 00:00:00+00:00
1753776000000,0.0001,2025-07-29 08:00:00+00:00
1753804800000,0.0001,2025-07-29 16:00:00+00:00
1753833600000,0.0001,2025-07-30 00:00:00+00:00
1753862400000,0.0001,2025-07-30 08:00:00+00:00
1753891200000,0.0001,2025-07-30 16:00:00+00:00
1753920000000,0.0001,2025-07-31 00:00:00+00:00
1753948800000,0.0001,2025-07-31 08:00:00+00:00
1753977600000,0.0001,2025-07-31 16:00:00+00:00
1754006400000,-1.656e-05,2025-08-01 00:00:00+00:00
1754035200000,-6.328e-05,2025-08-01 08:00:00+00:00
1754064000000,3.78e-05,2025-08-01 16:00:00+00:00
1754092800000,0.0001,2025-08-02 00:00:00+00:00
1754121600000,0.0001,2025-08-02 08:00:00+00:00
1754150400000,0.0001,2025-08-02 16:00:00+00:00
1754179200000,0.0001,2025-08-03 00:00:00+00:00
1754208000000,0.0001,2025-08-03 08:00:00+00:00
1754236800000,7.948e-05,2025-08-03 16:00:00+00:00
1754265600000,4.923e-05,2025-08-04 00:00:00+00:00
1754294400000,5.76e-05,2025-08-04 08:00:00+00:00
1754323200000,1.817e-05,2025-08-04 16:00:00+00:00
1754352000000,7.602e-05,2025-08-05 00:00:00+00:00
1754380800000,0.0001,2025-08-05 08:00:00+00:00
1754409600000,4.579e-05,2025-08-05 16:00:00+00:00
1754438400000,0.0001,2025-08-06 00:00:00+00:00
1754467200000,0.0001,2025-08-06 08:00:00+00:00
1754496000000,8.685e-05,2025-08-06 16:00:00+00:00
1754524800000,7.728e-05,2025-08-07 00:00:00+00:00
1754553600000,9.173e-05,2025-08-07 08:00:00+00:00
1754582400000,1.388e-05,2025-08-07 16:00:00+00:00
1754611200000,-3.108e-05,2025-08-08 00:00:00+00:00
1754640000000,3.508e-05,2025-08-08 08:00:00+00:00
1754668800000,8.916e-05,2025-08-08 16:00:00+00:00
1754697600000,2.37e-06,2025-08-09 00:00:00+00:00
1754726400000,7.59e-05,2025-08-09 08:00:00+00:00
1754755200000,-3.166e-05,2025-08-09 16:00:00+00:00
1754784000000,1.96e-06,2025-08-10 00:00:00+00:00
1754812800000,0.0001,2025-08-10 08:00:00+00:00
1754841600000,0.0001,2025-08-10 16:00:00+00:00
1754870400000,0.0001,2025-08-11 00:00:00+00:00
1754899200000,0.0001,2025-08-11 08:00:00+00:00
1754928000000,0.0001,2025-08-11 16:00:00+00:00
1754956800000,0.0001,2025-08-12 00:00:00+00:00
1754985600000,0.0001,2025-08-12 08:00:00+00:00
1755014400000,3.101e-05,2025-08-12 16:00:00+00:00
1755043200000,0.0001,2025-08-13 00:00:00+00:00
1755072000000,0.0001,2025-08-13 08:00:00+00:00
1755100800000,0.0001,2025-08-13 16:00:00+00:00
1755129600000,0.0001,2025-08-14 00:00:00+00:00
1755158400000,0.0001,2025-08-14 08:00:00+00:00
1755187200000,0.0001,2025-08-14 16:00:00+00:00
1755216000000,9.395e-05,2025-08-15 00:00:00+00:00
1755244800000,0.0001,2025-08-15 08:00:00+00:00
1755273600000,0.0001,2025-08-15 16:00:00+00:00
1755302400000,3.229e-05,2025-08-16 00:00:00+00:00
1755331200000,5.518e-05,2025-08-16 08:00:00+00:00
1755360000000,5.028e-05,2025-08-16 16:00:00+00:00
1755388800000,-7.25e-06,2025-08-17 00:00:00+00:00
1755417600000,6.699e-05,2025-08-17 08:00:00+00:00
1755446400000,6.233e-05,2025-08-17 16:00:00+00:00
1755475200000,0.0001,2025-08-18 00:00:00+00:00
1755504000000,9.278e-05,2025-08-18 08:00:00+00:00
1755532800000,2.41e-05,2025-08-18 16:00:00+00:00
1755561600000,5.472e-05,2025-08-19 00:00:00+00:00
1755590400000,-9.7e-06,2025-08-19 08:00:00+00:00
1755619200000,2.078e-05,2025-08-19 16:00:00+00:00
1755648000000,0.0001,2025-08-20 00:00:00+00:00
1755676800000,0.0001,2025-08-20 08:00:00+00:00
1755705600000,0.0001,2025-08-20 16:00:00+00:00
1755734400000,8.933e-05,2025-08-21 00:00:00+00:00
1755763200000,0.0001,2025-08-21 08:00:00+00:00
1755792000000,0.0001,2025-08-21 16:00:00+00:00
1755820800000,7.466e-05,2025-08-22 00:00:00+00:00
1755849600000,0.0001,2025-08-22 08:00:00+00:00
1755878400000,7.665e-05,2025-08-22 16:00:00+00:00
1755907200000,0.0001,2025-08-23 00:00:00+00:00
1755936000000,0.0001,2025-08-23 08:00:00+00:00
1755964800000,0.0001,2025-08-23 16:00:00+00:00
1755993600000,0.0001,2025-08-24 00:00:00+00:00
1756022400000,0.0001,2025-08-24 08:00:00+00:00
1756051200000,0.0001,2025-08-24 16:00:00+00:00
1756080000000,0.0001,2025-08-25 00:00:00+00:00
1756108800000,0.0001,2025-08-25 08:00:00+00:00
1756137600000,0.0001,2025-08-25 16:00:00+00:00
1756166400000,0.0001,2025-08-26 00:00:00+00:00
1756195200000,0.0001,2025-08-26 08:00:00+00:00
1756224000000,0.0001,2025-08-26 16:00:00+00:00
1756252800000,0.0001,2025-08-27 00:00:00+00:00
1756281600000,0.0001,2025-08-27 08:00:00+00:00
1756310400000,4.016e-05,2025-08-27 16:00:00+00:00
1756339200000,3.951e-05,2025-08-28 00:00:00+00:00
1756368000000,8.813e-05,2025-08-28 08:00:00+00:00
1756396800000,7.6e-05,2025-08-28 16:00:00+00:00
1756425600000,4.099e-05,2025-08-29 00:00:00+00:00
1756454400000,3.251e-05,2025-08-29 08:00:00+00:00
1756483200000,4.476e-05,2025-08-29 16:00:00+00:00
1756512000000,0.0001,2025-08-30 00:00:00+00:00
1756540800000,0.0001,2025-08-30 08:00:00+00:00
1756569600000,0.0001,2025-08-30 16:00:00+00:00
1756598400000,0.0001,2025-08-31 00:00:00+00:00
1756627200000,3.706e-05,2025-08-31 08:00:00+00:00
1756656000000,5.329e-05,2025-08-31 16:00:00+00:00
1756684800000,4.929e-05,2025-09-01 00:00:00+00:00
1756713600000,0.0001,2025-09-01 08:00:00+00:00
1756742400000,0.0001,2025-09-01 16:00:00+00:00
1756771200000,0.0001,2025-09-02 00:00:00+00:00
1756800000000,0.0001,2025-09-02 08:00:00+00:00
1756828800000,0.0001,2025-09-02 16:00:00+00:00
1756857600000,0.0001,2025-09-03 00:00:00+00:00
1756886400000,0.0001,2025-09-03 08:00:00+00:00
1756915200000,0.0001,2025-09-03 16:00:00+00:00
1756944000000,9.011e-05,2025-09-04 00:00:00+00:00
1756972800000,5.43e-05,2025-09-04 08:00:00+00:00
1757001600000,5.321e-05,2025-09-04 16:00:00+00:00
1757030400000,9.591e-05,2025-09-05 00:00:00+00:00
1757059200000,0.0001,2025-09-05 08:00:00+00:00
1757088000000,9.934e-05,2025-09-05 16:00:00+00:00
1757116800000,8.521e-05,2025-09-06 00:00:00+00:00
1757145600000,4.635e-05,2025-09-06 08:00:00+00:00
1757174400000,-8.97e-06,2025-09-06 16:00:00+00:00
1757203200000,4.448e-05,2025-09-07 00:00:00+00:00
1757232000000,0.0001,2025-09-07 08:00:00+00:00
1757260800000,7.039e-05,2025-09-07 16:00:00+00:00
1757289600000,0.0001,2025-09-08 00:00:00+00:00
1757318400000,2.857e-05,2025-09-08 08:00:00+00:00
1757347200000,7.948e-05,2025-09-08 16:00:00+00:00
1757376000000,2.551e-05,2025-09-09 00:00:00+00:00
1757404800000,1.604e-05,2025-09-09 08:00:00+00:00
1757433600000,1.388e-05,2025-09-09 16:00:00+00:00
1757462400000,3.935e-05,2025-09-10 00:00:00+00:00
1757491200000,0.0001,2025-09-10 08:00:00+00:00
1757520000000,7.774e-05,2025-09-10 16:00:00+00:00
1757548800000,8.19e-06,2025-09-11 00:00:00+00:00
1757577600000,4.762e-05,2025-09-11 08:00:00+00:00
1757606400000,0.0001,2025-09-11 16:00:00+00:00
1757635200000,9.416e-05,2025-09-12 00:00:00+00:00
1757664000000,6.127e-05,2025-09-12 08:00:00+00:00
1757692800000,9.896e-05,2025-09-12 16:00:00+00:00
1757721600000,-3.243e-05,2025-09-13 00:00:00+00:00
1757750400000,3.148e-05,2025-09-13 08:00:00+00:00
1757779200000,6.08e-05,2025-09-13 16:00:00+00:00
1757808000000,2.142e-05,2025-09-14 00:00:00+00:00
1757836800000,-1.938e-05,2025-09-14 08:00:00+00:00
1757865600000,5.701e-05,2025-09-14 16:00:00+00:00
1757894400000,7.622e-05,2025-09-15 00:00:00+00:00
1757923200000,0.0001,2025-09-15 08:00:00+00:00
1757952000000,7.98e-05,2025-09-15 16:00:00+00:00
1757980800000,0.0001,2025-09-16 00:00:00+00:00
1758009600000,0.0001,2025-09-16 08:00:00+00:00
1758038400000,3.464e-05,2025-09-16 16:00:00+00:00
1758067200000,8.059e-05,2025-09-17 00:00:00+00:00
1758096000000,4.581e-05,2025-09-17 08:00:00+00:00
1758124800000,4.605e-05,2025-09-17 16:00:00+00:00
1758153600000,0.0001,2025-09-18 00:00:00+00:00
1758182400000,0.0001,2025-09-18 08:00:00+00:00
1758211200000,8.669e-05,2025-09-18 16:00:00+00:00
1758240000000,6.74e-05,2025-09-19 00:00:00+00:00
1758268800000,6.754e-05,2025-09-19 08:00:00+00:00
1758297600000,3.193e-05,2025-09-19 16:00:00+00:00
1758326400000,2.92e-05,2025-09-20 00:00:00+00:00
1758355200000,8.845e-05,2025-09-20 08:00:00+00:00
1758384000000,0.0001,2025-09-20 16:00:00+00:00
1758412800000,6.911e-05,2025-09-21 00:00:00+00:00
1758441600000,0.0001,2025-09-21 08:00:00+00:00
1758470400000,8.065e-05,2025-09-21 16:00:00+00:00
1758499200000,4.095e-05,2025-09-22 00:00:00+00:00
1758528000000,8.326e-05,2025-09-22 08:00:00+00:00
1758556800000,8.6e-07,2025-09-22 16:00:00+00:00
1758585600000,3.469e-05,2025-09-23 00:00:00+00:00
1758614400000,-1.646e-05,2025-09-23 08:00:00+00:00
1758643200000,-2.302e-05,2025-09-23 16:00:00+00:00
1758672000000,-2.517e-05,2025-09-24 00:00:00+00:00
1758700800000,1.004e-05,2025-09-24 08:00:00+00:00
1758729600000,6.94e-05,2025-09-24 16:00:00+00:00
1758758400000,4.029e-05,2025-09-25 00:00:00+00:00
1758787200000,-3.74e-06,2025-09-25 08:00:00+00:00
1758816000000,-2.638e-05,2025-09-25 16:00:00+00:00
1758844800000,5.93e-05,2025-09-26 00:00:00+00:00
1758873600000,3.018e-05,2025-09-26 08:00:00+00:00
1758902400000,7.381e-05,2025-09-26 16:00:00+00:00
1758931200000,6.796e-05,2025-09-27 00:00:00+00:00
1758960000000,6.45e-05,2025-09-27 08:00:00+00:00
1758988800000,6.911e-05,2025-09-27 16:00:00+00:00
1759017600000,0.0001,2025-09-28 00:00:00+00:00
1759046400000,1.443e-05,2025-09-28 08:00:00+00:00
1759075200000,5.984e-05,2025-09-28 16:00:00+00:00
1759104000000,0.0001,2025-09-29 00:00:00+00:00
1759132800000,6.586e-05,2025-09-29 08:00:00+00:00
1759161600000,0.0001,2025-09-29 16:00:00+00:00
1759190400000,6.638e-05,2025-09-30 00:00:00+00:00
1759219200000,8.111e-05,2025-09-30 08:00:00+00:00
1759248000000,1.288e-05,2025-09-30 16:00:00+00:00
1759276800000,0.0001,2025-10-01 00:00:00+00:00
1759305600000,0.0001,2025-10-01 08:00:00+00:00
1759334400000,2.801e-05,2025-10-01 16:00:00+00:00
1759363200000,4.183e-05,2025-10-02 00:00:00+00:00
1759392000000,6.812e-05,2025-10-02 08:00:00+00:00
1759420800000,9.106e-05,2025-10-02 16:00:00+00:00
1759449600000,1.482e-05,2025-10-03 00:00:00+00:00
1759478400000,6.6e-07,2025-10-03 08:00:00+00:00
1759507200000,1.396e-05,2025-10-03 16:00:00+00:00
1759536000000,8.84e-06,2025-10-04 00:00:00+00:00
1759564800000,5.991e-05,2025-10-04 08:00:00+00:00
1759593600000,4.757e-05,2025-10-04 16:00:00+00:00
1759622400000,0.0001,2025-10-05 00:00:00+00:00
1759651200000,0.0001,2025-10-05 08:00:00+00:00
1759680000000,7.664e-05,2025-10-05 16:00:00+00:00
1759708800000,9.618e-05,2025-10-06 00:00:00+00:00
1759737600000,0.0001,2025-10-06 08:00:00+00:00
1759766400000,7.58e-05,2025-10-06 16:00:00+00:00
1759795200000,2.46e-06,2025-10-07 00:00:00+00:00
1759824000000,-2.887e-05,2025-10-07 08:00:00+00:00
1759852800000,0.0001,2025-10-07 16:00:00+00:00
1759881600000,0.0001,2025-10-08 00:00:00+00:00
1759910400000,0.0001,2025-10-08 08:00:00+00:00
1759939200000,0.0001,2025-10-08 16:00:00+00:00
1759968000000,3.109e-05,2025-10-09 00:00:00+00:00
1759996800000,3.706e-05,2025-10-09 08:00:00+00:00
1760025600000,5.581e-05,2025-10-09 16:00:00+00:00
1760054400000,0.0001,2025-10-10 00:00:00+00:00
1760083200000,0.0001,2025-10-10 08:00:00+00:00
1760112000000,4.578e-05,2025-10-10 16:00:00+00:00
1760140800000,-0.00014131,2025-10-11 00:00:00+00:00
1760169600000,0.0001,2025-10-11 08:00:00+00:00
1760198400000,0.0001,2025-10-11 16:00:00+00:00
1760227200000,-7.37e-06,2025-10-12 00:00:00+00:00
1760256000000,2.84e-05,2025-10-12 08:00:00+00:00
1760284800000,6.092e-05,2025-10-12 16:00:00+00:00
1760313600000,0.0001,2025-10-13 00:00:00+00:00
1760342400000,0.0001,2025-10-13 08:00:00+00:00
1760371200000,4.824e-05,2025-10-13 16:00:00+00:00
1760400000000,7.775e-05,2025-10-14 00:00:00+00:00
1760428800000,-2.259e-05,2025-10-14 08:00:00+00:00
1760457600000,3e-07,2025-10-14 16:00:00+00:00
1760486400000,9.62e-06,2025-10-15 00:00:00+00:00
1760515200000,2.225e-05,2025-10-15 08:00:00+00:00
1760544000000,-1.58e-06,2025-10-15 16:00:00+00:00
1760572800000,3.29e-06,2025-10-16 00:00:00+00:00
1760601600000,-4.75e-06,2025-10-16 08:00:00+00:00
1760630400000,-3.787e-05,2025-10-16 16:00:00+00:00
1760659200000,9.25e-06,2025-10-17 00:00:00+00:00
1760688000000,-8.91e-06,2025-10-17 08:00:00+00:00
1760716800000,1.371e-05,2025-10-17 16:00:00+00:00
1760745600000,-2.473e-05,2025-10-18 00:00:00+00:00
1760774400000,-1.289e-05,2025-10-18 08:00:00+00:00
1760803200000,5.928e-05,2025-10-18 16:00:00+00:00
1760832000000,3.953e-05,2025-10-19 00:00:00+00:00
1760860800000,3.762e-05,2025-10-19 08:00:00+00:00
1760889600000,0.0001,2025-10-19 16:00:00+00:00
1760918400000,5.677e-05,2025-10-20 00:00:00+00:00
1760947200000,0.0001,2025-10-20 08:00:00+00:00
1760976000000,0.0001,2025-10-20 16:00:00+00:00
1761004800000,7.228e-05,2025-10-21 00:00:00+00:00
1761033600000,1.871e-05,2025-10-21 08:00:00+00:00
1761062400000,8.799e-05,2025-10-21 16:00:00+00:00
1761091200000,2.025e-05,2025-10-22 00:00:00+00:00
1761120000000,4.647e-05,2025-10-22 08:00:00+00:00
1761148800000,5.5e-05,2025-10-22 16:00:00+00:00
1761177600000,5.646e-05,2025-10-23 00:00:00+00:00
1761206400000,0.0001,2025-10-23 08:00:00+00:00
1761235200000,6.755e-05,2025-10-23 16:00:00+00:00
1761264000000,-1.64e-06,2025-10-24 00:00:00+00:00
1761292800000,0.0001,2025-10-24 08:00:00+00:00
1761321600000,4.654e-05,2025-10-24 16:00:00+00:00
1761350400000,3.168e-05,2025-10-25 00:00:00+00:00
1761379200000,0.0001,2025-10-25 08:00:00+00:00
1761408000000,0.0001,2025-10-25 16:00:00+00:00
1761436800000,9.909e-05,2025-10-26 00:00:00+00:00
1761465600000,5.578e-05,2025-10-26 08:00:00+00:00
1761494400000,0.0001,2025-10-26 16:00:00+00:00
1761523200000,0.0001,2025-10-27 00:00:00+00:00
1761552000000,0.0001,2025-10-27 08:00:00+00:00
1761580800000,5.882e-05,2025-10-27 16:00:00+00:00
1761609600000,1.045e-05,2025-10-28 00:00:00+00:00
1761638400000,3.558e-05,2025-10-28 08:00:00+00:00
1761667200000,8.991e-05,2025-10-28 16:00:00+00:00
1761696000000,-3.96e-06,2025-10-29 00:00:00+00:00
1761724800000,1.593e-05,2025-10-29 08:00:00+00:00
1761753600000,1.663e-05,2025-10-29 16:00:00+00:00
1761782400000,2.081e-05,2025-10-30 00:00:00+00:00
1761811200000,3.62e-05,2025-10-30 08:00:00+00:00
1761840000000,-2.633e-05,2025-10-30 16:00:00+00:00
1761868800000,2.357e-05,2025-10-31 00:00:00+00:00
1761897600000,0.0001,2025-10-31 08:00:00+00:00
1761926400000,5.658e-05,2025-10-31 16:00:00+00:00
1761955200000,2.475e-05,2025-11-01 00:00:00+00:00
1761984000000,2.432e-05,2025-11-01 08:00:00+00:00
1762012800000,6.744e-05,2025-11-01 16:00:00+00:00
1762041600000,5.819e-05,2025-11-02 00:00:00+00:00
1762070400000,4.76e-05,2025-11-02 08:00:00+00:00
1762099200000,1.946e-05,2025-11-02 16:00:00+00:00
1762128000000,2.067e-05,2025-11-03 00:00:00+00:00
1762156800000,-4.708e-05,2025-11-03 08:00:00+00:00
1762185600000,5.29e-05,2025-11-03 16:00:00+00:00
1762214400000,3.846e-05,2025-11-04 00:00:00+00:00
1762243200000,-1.217e-05,2025-11-04 08:00:00+00:00
1762272000000,4.548e-05,2025-11-04 16:00:00+00:00
1762300800000,4.865e-05,2025-11-05 00:00:00+00:00
1762329600000,1.344e-05,2025-11-05 08:00:00+00:00
1762358400000,-1.14e-05,2025-11-05 16:00:00+00:00
1762387200000,2.099e-05,2025-11-06 00:00:00+00:00
1762416000000,3.291e-05,2025-11-06 08:00:00+00:00
1762444800000,4.827e-05,2025-11-06 16:00:00+00:00
1762473600000,-3.307e-05,2025-11-07 00:00:00+00:00
1762502400000,3.929e-05,2025-11-07 08:00:00+00:00
1762531200000,2.52e-05,2025-11-07 16:00:00+00:00
1762560000000,7.924e-05,2025-11-08 00:00:00+00:00
1762588800000,8.47e-06,2025-11-08 08:00:00+00:00
1762617600000,-7.44e-06,2025-11-08 16:00:00+00:00
1762646400000,-1.71e-06,2025-11-09 00:00:00+00:00
1762675200000,3.745e-05,2025-11-09 08:00:00+00:00
1762704000000,7.699e-05,2025-11-09 16:00:00+00:00
1762732800000,9.233e-05,2025-11-10 00:00:00+00:00
1762761600000,8.068e-05,2025-11-10 08:00:00+00:00
1762790400000,4.716e-05,2025-11-10 16:00:00+00:00
1762819200000,1.35e-05,2025-11-11 00:00:00+00:00
1762848000000,-4.885e-05,2025-11-11 08:00:00+00:00
1762876800000,5.706e-05,2025-11-11 16:00:00+00:00
1762905600000,6.811e-05,2025-11-12 00:00:00+00:00
1762934400000,3.386e-05,2025-11-12 08:00:00+00:00
1762963200000,9.323e-05,2025-11-12 16:00:00+00:00
1762992000000,-1.163e-05,2025-11-13 00:00:00+00:00
1763020800000,1.427e-05,2025-11-13 08:00:00+00:00
1763049600000,2.564e-05,2025-11-13 16:00:00+00:00
1763078400000,-4.056e-05,2025-11-14 00:00:00+00:00
1763107200000,1.296e-05,2025-11-14 08:00:00+00:00
1763136000000,5.789e-05,2025-11-14 16:00:00+00:00
1763164800000,4.552e-05,2025-11-15 00:00:00+00:00
1763193600000,7.12e-05,2025-11-15 08:00:00+00:00
1763222400000,4.47e-05,2025-11-15 16:00:00+00:00
1763251200000,9.79e-06,2025-11-16 00:00:00+00:00
1763280000000,3.754e-05,2025-11-16 08:00:00+00:00
1763308800000,4.955e-05,2025-11-16 16:00:00+00:00
1763337600000,5.953e-05,2025-11-17 00:00:00+00:00
1763366400000,0.0001,2025-11-17 08:00:00+00:00
1763395200000,7.101e-05,2025-11-17 16:00:00+00:00
1763424000000,8.162e-05,2025-11-18 00:00:00+00:00
1763452800000,4.31e-05,2025-11-18 08:00:00+00:00
1763481600000,0.0001,2025-11-18 16:00:00+00:00
1763510400000,4.908e-05,2025-11-19 00:00:00+00:00
1763539200000,-4.34e-06,2025-11-19 08:00:00+00:00
1763568000000,-9.81e-06,2025-11-19 16:00:00+00:00
1763596800000,4.555e-05,2025-11-20 00:00:00+00:00
1763625600000,0.0001,2025-11-20 08:00:00+00:00
1763654400000,1.338e-05,2025-11-20 16:00:00+00:00
1763683200000,-4.79e-06,2025-11-21 00:00:00+00:00
1763712000000,-7.26e-06,2025-11-21 08:00:00+00:00
1763740800000,5.602e-05,2025-11-21 16:00:00+00:00
1763769600000,3.39e-05,2025-11-22 00:00:00+00:00
1763798400000,2.259e-05,2025-11-22 08:00:00+00:00
1763827200000,6.123e-05,2025-11-22 16:00:00+00:00
1763856000000,4.974e-05,2025-11-23 00:00:00+00:00
1763884800000,4.368e-05,2025-11-23 08:00:00+00:00
1763913600000,9.31e-06,2025-11-23 16:00:00+00:00
1763942400000,-1.427e-05,2025-11-24 00:00:00+00:00
1763971200000,-3.212e-05,2025-11-24 08:00:00+00:00
1764000000000,-1.6e-07,2025-11-24 16:00:00+00:00
1764028800000,-6.725e-05,2025-11-25 00:00:00+00:00
1764057600000,-4.14e-06,2025-11-25 08:00:00+00:00
1764086400000,-4.901e-05,2025-11-25 16:00:00+00:00
1764115200000,-9.27e-06,2025-11-26 00:00:00+00:00
1764144000000,-2.68e-06,2025-11-26 08:00:00+00:00
1764172800000,1.62e-06,2025-11-26 16:00:00+00:00
1764201600000,3.41e-05,2025-11-27 00:00:00+00:00
1764230400000,-3.03e-06,2025-11-27 08:00:00+00:00
1764259200000,-8.01e-06,2025-11-27 16:00:00+00:00
1764288000000,1.7e-06,2025-11-28 00:00:00+00:00
1764316800000,-3.78e-06,2025-11-28 08:00:00+00:00
1764345600000,-7.46e-06,2025-11-28 16:00:00+00:00
1764374400000,-9.691e-05,2025-11-29 00:00:00+00:00
1764403200000,-9.76e-06,2025-11-29 08:00:00+00:00
1764432000000,1.029e-05,2025-11-29 16:00:00+00:00
1764460800000,7.307e-05,2025-11-30 00:00:00+00:00
1764489600000,5.238e-05,2025-11-30 08:00:00+00:00
1764518400000,1.622e-05,2025-11-30 16:00:00+00:00
1764547200000,7.5e-06,2025-12-01 00:00:00+00:00
1764576000000,-6.05e-06,2025-12-01 08:00:00+00:00
1764604800000,-1.07e-06,2025-12-01 16:00:00+00:00
1764633600000,-9.17e-06,2025-12-02 00:00:00+00:00
1764662400000,4.832e-05,2025-12-02 08:00:00+00:00
1764691200000,1.79e-05,2025-12-02 16:00:00+00:00
1764720000000,9.24e-06,2025-12-03 00:00:00+00:00
1764748800000,2.73e-05,2025-12-03 08:00:00+00:00
1764777600000,3.174e-05,2025-12-03 16:00:00+00:00
1764806400000,7.408e-05,2025-12-04 00:00:00+00:00
1764835200000,3.057e-05,2025-12-04 08:00:00+00:00
1764864000000,-8.57e-06,2025-12-04 16:00:00+00:00
1764892800000,1.741e-05,2025-12-05 00:00:00+00:00
1764921600000,4.438e-05,2025-12-05 08:00:00+00:00
1764950400000,-8.68e-06,2025-12-05 16:00:00+00:00
1764979200000,-5.86e-06,2025-12-06 00:00:00+00:00
1765008000000,-3.31e-05,2025-12-06 08:00:00+00:00
1765036800000,-4.707e-05,2025-12-06 16:00:00+00:00
1765065600000,-8.28e-06,2025-12-07 00:00:00+00:00
1765094400000,-1.167e-05,2025-12-07 08:00:00+00:00
1765123200000,2.284e-05,2025-12-07 16:00:00+00:00
1765152000000,2.87e-05,2025-12-08 00:00:00+00:00
1765180800000,8.354e-05,2025-12-08 08:00:00+00:00
1765209600000,3.817e-05,2025-12-08 16:00:00+00:00
1765238400000,-1.767e-05,2025-12-09 00:00:00+00:00
1765267200000,1.299e-05,2025-12-09 08:00:00+00:00
1765296000000,1.324e-05,2025-12-09 16:00:00+00:00
1765324800000,3.203e-05,2025-12-10 00:00:00+00:00
1765353600000,1.545e-05,2025-12-10 08:00:00+00:00
1765382400000,1.461e-05,2025-12-10 16:00:00+00:00
1765411200000,3.674e-05,2025-12-11 00:00:00+00:00
1765440000000,-2.557e-05,2025-12-11 08:00:00+00:00
1765468800000,3.62e-05,2025-12-11 16:00:00+00:00
1765497600000,8.389e-05,2025-12-12 00:00:00+00:00
1765526400000,9.806e-05,2025-12-12 08:00:00+00:00
1765555200000,2.758e-05,2025-12-12 16:00:00+00:00
1765584000000,-3.41e-06,2025-12-13 00:00:00+00:00
1765612800000,-2.63e-06,2025-12-13 08:00:00+00:00
1765641600000,3.709e-05,2025-12-13 16:00:00+00:00
1765670400000,3.698e-05,2025-12-14 00:00:00+00:00
1765699200000,1.145e-05,2025-12-14 08:00:00+00:00
1765728000000,-7.81e-06,2025-12-14 16:00:00+00:00
1765756800000,4.88e-06,2025-12-15 00:00:00+00:00
1765785600000,2.867e-05,2025-12-15 08:00:00+00:00
1765814400000,3.887e-05,2025-12-15 16:00:00+00:00
1765843200000,7.57e-06,2025-12-16 00:00:00+00:00
1765872000000,-1.351e-05,2025-12-16 08:00:00+00:00
1765900800000,5.556e-05,2025-12-16 16:00:00+00:00
1765929600000,4.598e-05,2025-12-17 00:00:00+00:00
1765958400000,1.137e-05,2025-12-17 08:00:00+00:00
1765987200000,8.443e-05,2025-12-17 16:00:00+00:00
1766016000000,1.63e-06,2025-12-18 00:00:00+00:00
1766044800000,7.539e-05,2025-12-18 08:00:00+00:00
1766073600000,0.0001,2025-12-18 16:00:00+00:00
1766102400000,-6.76e-06,2025-12-19 00:00:00+00:00
1766131200000,1.709e-05,2025-12-19 08:00:00+00:00
1766160000000,7.296e-05,2025-12-19 16:00:00+00:00
1766188800000,3.18e-05,2025-12-20 00:00:00+00:00
1766217600000,-7.1e-06,2025-12-20 08:00:00+00:00
1766246400000,-3.557e-05,2025-12-20 16:00:00+00:00
1766275200000,1.724e-05,2025-12-21 00:00:00+00:00
1766304000000,-5.37e-06,2025-12-21 08:00:00+00:00
1766332800000,-1.499e-05,2025-12-21 16:00:00+00:00
1766361600000,5.372e-05,2025-12-22 00:00:00+00:00
1766390400000,5.485e-05,2025-12-22 08:00:00+00:00
1766419200000,6.76e-05,2025-12-22 16:00:00+00:00
1766448000000,-2.911e-05,2025-12-23 00:00:00+00:00
1766476800000,-1.673e-05,2025-12-23 08:00:00+00:00
1766505600000,1.491e-05,2025-12-23 16:00:00+00:00
1766534400000,2.786e-05,2025-12-24 00:00:00+00:00
1766563200000,-2.072e-05,2025-12-24 08:00:00+00:00
1766592000000,4.572e-05,2025-12-24 16:00:00+00:00
1766620800000,9.492e-05,2025-12-25 00:00:00+00:00
1766649600000,7.46e-05,2025-12-25 08:00:00+00:00
1766678400000,5.249e-05,2025-12-25 16:00:00+00:00
1766707200000,3.744e-05,2025-12-26 00:00:00+00:00
1766736000000,0.0001,2025-12-26 08:00:00+00:00
1766764800000,0.0001,2025-12-26 16:00:00+00:00
1766793600000,3.048e-05,2025-12-27 00:00:00+00:00
1766822400000,2.438e-05,2025-12-27 08:00:00+00:00
1766851200000,6.103e-05,2025-12-27 16:00:00+00:00
1766880000000,5.786e-05,2025-12-28 00:00:00+00:00
1766908800000,0.0001,2025-12-28 08:00:00+00:00
1766937600000,9.813e-05,2025-12-28 16:00:00+00:00
1766966400000,3.373e-05,2025-12-29 00:00:00+00:00
1766995200000,0.0001,2025-12-29 08:00:00+00:00
1767024000000,-2.482e-05,2025-12-29 16:00:00+00:00
1767052800000,5.475e-05,2025-12-30 00:00:00+00:00
1767081600000,-3.667e-05,2025-12-30 08:00:00+00:00
1767110400000,6.054e-05,2025-12-30 16:00:00+00:00
1767139200000,3.257e-05,2025-12-31 00:00:00+00:00
1767168000000,9.464e-05,2025-12-31 08:00:00+00:00
1767196800000,0.0001,2025-12-31 16:00:00+00:00
1767225600000,3.574e-05,2026-01-01 00:00:00+00:00
1767254400000,8.507e-05,2026-01-01 08:00:00+00:00
1767283200000,9.47e-06,2026-01-01 16:00:00+00:00
1767312000000,0.0001,2026-01-02 00:00:00+00:00
1767340800000,0.0001,2026-01-02 08:00:00+00:00
1767369600000,5.313e-05,2026-01-02 16:00:00+00:00
1767398400000,-2.524e-05,2026-01-03 00:00:00+00:00
1767427200000,2.096e-05,2026-01-03 08:00:00+00:00
1767456000000,5.118e-05,2026-01-03 16:00:00+00:00
1767484800000,0.0001,2026-01-04 00:00:00+00:00
1767513600000,6.052e-05,2026-01-04 08:00:00+00:00
1767542400000,-7.9e-07,2026-01-04 16:00:00+00:00
1767571200000,-1.535e-05,2026-01-05 00:00:00+00:00
1767600000000,5.121e-05,2026-01-05 08:00:00+00:00
1767628800000,4.996e-05,2026-01-05 16:00:00+00:00
1767657600000,-4.661e-05,2026-01-06 00:00:00+00:00
1767686400000,-2.22e-05,2026-01-06 08:00:00+00:00
1767715200000,4.68e-05,2026-01-06 16:00:00+00:00
1767744000000,9.017e-05,2026-01-07 00:00:00+00:00
1767772800000,9.575e-05,2026-01-07 08:00:00+00:00
1767801600000,2.304e-05,2026-01-07 16:00:00+00:00
1767830400000,8.564e-05,2026-01-08 00:00:00+00:00
1767859200000,-1.38e-05,2026-01-08 08:00:00+00:00
1767888000000,5.29e-05,2026-01-08 16:00:00+00:00
1767916800000,2.24e-06,2026-01-09 00:00:00+00:00
1767945600000,5.446e-05,2026-01-09 08:00:00+00:00
1767974400000,1.388e-05,2026-01-09 16:00:00+00:00
1768003200000,5.876e-05,2026-01-10 00:00:00+00:00
1768032000000,0.0001,2026-01-10 08:00:00+00:00
1768060800000,8.103e-05,2026-01-10 16:00:00+00:00
1768089600000,4.147e-05,2026-01-11 00:00:00+00:00
1768118400000,9.574e-05,2026-01-11 08:00:00+00:00
1768147200000,4.794e-05,2026-01-11 16:00:00+00:00
1768176000000,3.946e-05,2026-01-12 00:00:00+00:00
1768204800000,2.655e-05,2026-01-12 08:00:00+00:00
1768233600000,5.58e-06,2026-01-12 16:00:00+00:00
1768262400000,2.203e-05,2026-01-13 00:00:00+00:00
1768291200000,0.0001,2026-01-13 08:00:00+00:00
1768320000000,8.533e-05,2026-01-13 16:00:00+00:00
1768348800000,7.769e-05,2026-01-14 00:00:00+00:00
1768377600000,0.0001,2026-01-14 08:00:00+00:00
1768406400000,0.0001,2026-01-14 16:00:00+00:00
1768435200000,-7.68e-06,2026-01-15 00:00:00+00:00
1768464000000,1.93e-06,2026-01-15 08:00:00+00:00
1768492800000,-4.41e-06,2026-01-15 16:00:00+00:00
1768521600000,-3.671e-05,2026-01-16 00:00:00+00:00
1768550400000,5.038e-05,2026-01-16 08:00:00+00:00
1768579200000,3.96e-06,2026-01-16 16:00:00+00:00
1768608000000,6.897e-05,2026-01-17 00:00:00+00:00
1768636800000,1.796e-05,2026-01-17 08:00:00+00:00
1768665600000,4.64e-06,2026-01-17 16:00:00+00:00
1768694400000,4.95e-06,2026-01-18 00:00:00+00:00
1768723200000,4.877e-05,2026-01-18 08:00:00+00:00
1768752000000,1.662e-05,2026-01-18 16:00:00+00:00
1768780800000,-1.073e-05,2026-01-19 00:00:00+00:00
1768809600000,-2.772e-05,2026-01-19 08:00:00+00:00
1768838400000,2.1e-05,2026-01-19 16:00:00+00:00
1768867200000,3.081e-05,2026-01-20 00:00:00+00:00
1768896000000,-1.587e-05,2026-01-20 08:00:00+00:00
1768924800000,-1.241e-05,2026-01-20 16:00:00+00:00
1768953600000,3.191e-05,2026-01-21 00:00:00+00:00
1768982400000,3.3e-06,2026-01-21 08:00:00+00:00
1769011200000,4.007e-05,2026-01-21 16:00:00+00:00
1769040000000,5.715e-05,2026-01-22 00:00:00+00:00
1769068800000,3.047e-05,2026-01-22 08:00:00+00:00
1769097600000,4.6e-07,2026-01-22 16:00:00+00:00
1769126400000,4.883e-05,2026-01-23 00:00:00+00:00
1769155200000,2.626e-05,2026-01-23 08:00:00+00:00
1769184000000,-3.242e-05,2026-01-23 16:00:00+00:00
1769212800000,-9.22e-06,2026-01-24 00:00:00+00:00
1769241600000,-2.571e-05,2026-01-24 08:00:00+00:00
1769270400000,-2.308e-05,2026-01-24 16:00:00+00:00
1769299200000,-2.888e-05,2026-01-25 00:00:00+00:00
1769328000000,4.576e-05,2026-01-25 08:00:00+00:00
1769356800000,3.977e-05,2026-01-25 16:00:00+00:00
1769385600000,-2.42e-06,2026-01-26 00:00:00+00:00
1769414400000,4.497e-05,2026-01-26 08:00:00+00:00
1769443200000,3.7e-05,2026-01-26 16:00:00+00:00
1769472000000,3.771e-05,2026-01-27 00:00:00+00:00
1769500800000,1.233e-05,2026-01-27 08:00:00+00:00
1769529600000,-3.249e-05,2026-01-27 16:00:00+00:00
1769558400000,5.878e-05,2026-01-28 00:00:00+00:00
1769587200000,7.136e-05,2026-01-28 08:00:00+00:00
1769616000000,4.604e-05,2026-01-28 16:00:00+00:00
1769644800000,2.277e-05,2026-01-29 00:00:00+00:00
1769673600000,1.655e-05,2026-01-29 08:00:00+00:00
1769702400000,-6.85e-06,2026-01-29 16:00:00+00:00
1769731200000,-1.576e-05,2026-01-30 00:00:00+00:00
1769760000000,-6.865e-05,2026-01-30 08:00:00+00:00
1769788800000,-4.013e-05,2026-01-30 16:00:00+00:00
1769817600000,9.175e-05,2026-01-31 00:00:00+00:00
1769846400000,4.577e-05,2026-01-31 08:00:00+00:00
1769875200000,2.269e-05,2026-01-31 16:00:00+00:00
1769904000000,8.18e-06,2026-02-01 00:00:00+00:00
1769932800000,-1.777e-05,2026-02-01 08:00:00+00:00
1769961600000,1.922e-05,2026-02-01 16:00:00+00:00
1769990400000,5.086e-05,2026-02-02 00:00:00+00:00
1770019200000,3.33e-06,2026-02-02 08:00:00+00:00
1770048000000,-2.239e-05,2026-02-02 16:00:00+00:00
1770076800000,-2.664e-05,2026-02-03 00:00:00+00:00
1770105600000,2.969e-05,2026-02-03 08:00:00+00:00
1770134400000,-4.127e-05,2026-02-03 16:00:00+00:00
1770163200000,2.78e-06,2026-02-04 00:00:00+00:00
1770192000000,9.059e-05,2026-02-04 08:00:00+00:00
1770220800000,4.301e-05,2026-02-04 16:00:00+00:00
1770249600000,4.71e-05,2026-02-05 00:00:00+00:00
1770278400000,2.503e-05,2026-02-05 08:00:00+00:00
1770307200000,2.066e-05,2026-02-05 16:00:00+00:00
1770336000000,8.72e-06,2026-02-06 00:00:00+00:00
1770364800000,-7.84e-06,2026-02-06 08:00:00+00:00
1770393600000,-9.333e-05,2026-02-06 16:00:00+00:00
1770422400000,-6.377e-05,2026-02-07 00:00:00+00:00
1770451200000,1.339e-05,2026-02-07 08:00:00+00:00
1770480000000,2.463e-05,2026-02-07 16:00:00+00:00
1770508800000,6.51e-06,2026-02-08 00:00:00+00:00
1770537600000,-4.565e-05,2026-02-08 08:00:00+00:00
1770566400000,-9.66e-06,2026-02-08 16:00:00+00:00
1770595200000,1.522e-05,2026-02-09 00:00:00+00:00
1770624000000,-1.797e-05,2026-02-09 08:00:00+00:00
1770652800000,-3.862e-05,2026-02-09 16:00:00+00:00
1770681600000,6.1e-05,2026-02-10 00:00:00+00:00
1770710400000,-4.32e-05,2026-02-10 08:00:00+00:00
1770739200000,-5.877e-05,2026-02-10 16:00:00+00:00
1770768000000,-2.347e-05,2026-02-11 00:00:00+00:00
1770796800000,-6.234e-05,2026-02-11 08:00:00+00:00
1770825600000,-8.41e-06,2026-02-11 16:00:00+00:00
1770854400000,9.04e-06,2026-02-12 00:00:00+00:00
1770883200000,7.205e-05,2026-02-12 08:00:00+00:00
1770912000000,0.0001,2026-02-12 16:00:00+00:00
1770940800000,1.48e-06,2026-02-13 00:00:00+00:00
1770969600000,3.691e-05,2026-02-13 08:00:00+00:00
1770998400000,3.088e-05,2026-02-13 16:00:00+00:00
1771027200000,-1.529e-05,2026-02-14 00:00:00+00:00
1771056000000,-1.51e-05,2026-02-14 08:00:00+00:00
1771084800000,8.737e-05,2026-02-14 16:00:00+00:00
1771113600000,6.207e-05,2026-02-15 00:00:00+00:00
1771142400000,3.283e-05,2026-02-15 08:00:00+00:00
1771171200000,2.12e-05,2026-02-15 16:00:00+00:00
1771200000000,7.436e-05,2026-02-16 00:00:00+00:00
1771228800000,3.523e-05,2026-02-16 08:00:00+00:00
1771257600000,-2.246e-05,2026-02-16 16:00:00+00:00
1771286400000,3.206e-05,2026-02-17 00:00:00+00:00
1771315200000,1.909e-05,2026-02-17 08:00:00+00:00
1771344000000,-1.232e-05,2026-02-17 16:00:00+00:00
1771372800000,1.873e-05,2026-02-18 00:00:00+00:00
1771401600000,-1.7e-06,2026-02-18 08:00:00+00:00
1771430400000,4.04e-06,2026-02-18 16:00:00+00:00
1771459200000,-1.595e-05,2026-02-19 00:00:00+00:00
1771488000000,5.2e-05,2026-02-19 08:00:00+00:00
1771516800000,9.29e-06,2026-02-19 16:00:00+00:00
1771545600000,0.0001,2026-02-20 00:00:00+00:00
1771574400000,0.0001,2026-02-20 08:00:00+00:00
1771603200000,7.455e-05,2026-02-20 16:00:00+00:00
1771632000000,0.0001,2026-02-21 00:00:00+00:00
1771660800000,9.803e-05,2026-02-21 08:00:00+00:00
1771689600000,8.445e-05,2026-02-21 16:00:00+00:00
1771718400000,1.996e-05,2026-02-22 00:00:00+00:00
1771747200000,-2.637e-05,2026-02-22 08:00:00+00:00
1771776000000,-7.55e-06,2026-02-22 16:00:00+00:00
1771804800000,-2.32e-06,2026-02-23 00:00:00+00:00
1771833600000,-6.028e-05,2026-02-23 08:00:00+00:00
1771862400000,1.294e-05,2026-02-23 16:00:00+00:00
1771891200000,-4.456e-05,2026-02-24 00:00:00+00:00
1771920000000,-8.39e-05,2026-02-24 08:00:00+00:00
1771948800000,2.037e-05,2026-02-24 16:00:00+00:00
1771977600000,1.405e-05,2026-02-25 00:00:00+00:00
1772006400000,0.0001,2026-02-25 08:00:00+00:00
1772035200000,5.544e-05,2026-02-25 16:00:00+00:00
1772064000000,3.563e-05,2026-02-26 00:00:00+00:00
1772092800000,0.0001,2026-02-26 08:00:00+00:00
1772121600000,4.048e-05,2026-02-26 16:00:00+00:00
1772150400000,3.949e-05,2026-02-27 00:00:00+00:00
1772179200000,-6.7e-06,2026-02-27 08:00:00+00:00
1772208000000,-1.23e-06,2026-02-27 16:00:00+00:00
1772236800000,-1.3e-05,2026-02-28 00:00:00+00:00
1772265600000,-4.555e-05,2026-02-28 08:00:00+00:00
1772294400000,-2.304e-05,2026-02-28 16:00:00+00:00
1772323200000,2.72e-05,2026-03-01 00:00:00+00:00
1772352000000,9.248e-05,2026-03-01 08:00:00+00:00
1772380800000,6.513e-05,2026-03-01 16:00:00+00:00
1772409600000,1.312e-05,2026-03-02 00:00:00+00:00
1772438400000,3.004e-05,2026-03-02 08:00:00+00:00
1772467200000,2.662e-05,2026-03-02 16:00:00+00:00
1772496000000,1.835e-05,2026-03-03 00:00:00+00:00
1772524800000,1.216e-05,2026-03-03 08:00:00+00:00
1772553600000,7.04e-06,2026-03-03 16:00:00+00:00
1772582400000,2.232e-05,2026-03-04 00:00:00+00:00
1772611200000,-5.33e-06,2026-03-04 08:00:00+00:00
1772640000000,3.549e-05,2026-03-04 16:00:00+00:00
1772668800000,-5.395e-05,2026-03-05 00:00:00+00:00
1772697600000,-4.077e-05,2026-03-05 08:00:00+00:00
1772726400000,-4.675e-05,2026-03-05 16:00:00+00:00
1772755200000,-6.5e-06,2026-03-06 00:00:00+00:00
1772784000000,1.7e-06,2026-03-06 08:00:00+00:00
1772812800000,-3.68e-06,2026-03-06 16:00:00+00:00
1772841600000,-5.886e-05,2026-03-07 00:00:00+00:00
1772870400000,-2.954e-05,2026-03-07 08:00:00+00:00
1772899200000,-1.84e-05,2026-03-07 16:00:00+00:00
1772928000000,-3.754e-05,2026-03-08 00:00:00+00:00
1772956800000,-4.305e-05,2026-03-08 08:00:00+00:00
1772985600000,-3.147e-05,2026-03-08 16:00:00+00:00
1773014400000,-3.904e-05,2026-03-09 00:00:00+00:00
1773043200000,-2.969e-05,2026-03-09 08:00:00+00:00
1773072000000,-4.027e-05,2026-03-09 16:00:00+00:00
1773100800000,-6.036e-05,2026-03-10 00:00:00+00:00
1773129600000,5.053e-05,2026-03-10 08:00:00+00:00
1773158400000,3.653e-05,2026-03-10 16:00:00+00:00
1773187200000,-0.00010651,2026-03-11 00:00:00+00:00
1773216000000,-4.524e-05,2026-03-11 08:00:00+00:00
1773244800000,-3.643e-05,2026-03-11 16:00:00+00:00
1773273600000,-6.084e-05,2026-03-12 00:00:00+00:00
1773302400000,-5.94e-05,2026-03-12 08:00:00+00:00
1773331200000,-3.673e-05,2026-03-12 16:00:00+00:00
1773360000000,-4.285e-05,2026-03-13 00:00:00+00:00
1773388800000,5.018e-05,2026-03-13 08:00:00+00:00
1773417600000,8.1e-07,2026-03-13 16:00:00+00:00
1773446400000,-6.159e-05,2026-03-14 00:00:00+00:00
1773475200000,-3.443e-05,2026-03-14 08:00:00+00:00
1773504000000,-8.727e-05,2026-03-14 16:00:00+00:00
1773532800000,-5.834e-05,2026-03-15 00:00:00+00:00
1773561600000,4.94e-06,2026-03-15 08:00:00+00:00
1773590400000,3.891e-05,2026-03-15 16:00:00+00:00
1773619200000,-1.303e-05,2026-03-16 00:00:00+00:00
1773648000000,6.555e-05,2026-03-16 08:00:00+00:00
1773676800000,-9.1e-07,2026-03-16 16:00:00+00:00
1773705600000,9.33e-05,2026-03-17 00:00:00+00:00
1773734400000,4.348e-05,2026-03-17 08:00:00+00:00
1773763200000,-3.818e-05,2026-03-17 16:00:00+00:00
1773792000000,4.29e-06,2026-03-18 00:00:00+00:00
1773820800000,1.092e-05,2026-03-18 08:00:00+00:00
1773849600000,-3.817e-05,2026-03-18 16:00:00+00:00
1773878400000,1.783e-05,2026-03-19 00:00:00+00:00
1773907200000,1.935e-05,2026-03-19 08:00:00+00:00
1773936000000,2.36e-06,2026-03-19 16:00:00+00:00
1773964800000,5.293e-05,2026-03-20 00:00:00+00:00
1773993600000,4.069e-05,2026-03-20 08:00:00+00:00
1774022400000,1.439e-05,2026-03-20 16:00:00+00:00
1774051200000,5.021e-05,2026-03-21 00:00:00+00:00
1774080000000,3.867e-05,2026-03-21 08:00:00+00:00
1774108800000,-2.305e-05,2026-03-21 16:00:00+00:00
1774137600000,-9.613e-05,2026-03-22 00:00:00+00:00
1774166400000,-6.035e-05,2026-03-22 08:00:00+00:00
1774195200000,-1.448e-05,2026-03-22 16:00:00+00:00
1774224000000,-3.128e-05,2026-03-23 00:00:00+00:00
1774252800000,9.98e-06,2026-03-23 08:00:00+00:00
1774281600000,5.61e-05,2026-03-23 16:00:00+00:00
1774310400000,3.782e-05,2026-03-24 00:00:00+00:00
1774339200000,1.995e-05,2026-03-24 08:00:00+00:00
1774368000000,5.202e-05,2026-03-24 16:00:00+00:00
1774396800000,5.529e-05,2026-03-25 00:00:00+00:00
1774425600000,0.0001,2026-03-25 08:00:00+00:00
1774454400000,-5.1e-07,2026-03-25 16:00:00+00:00
1774483200000,8.72e-06,2026-03-26 00:00:00+00:00
1774512000000,-6.81e-06,2026-03-26 08:00:00+00:00
1774540800000,7.21e-06,2026-03-26 16:00:00+00:00
1774569600000,6.279e-05,2026-03-27 00:00:00+00:00
1774598400000,1.085e-05,2026-03-27 08:00:00+00:00
1774627200000,-4.22e-05,2026-03-27 16:00:00+00:00
1774656000000,6.645e-05,2026-03-28 00:00:00+00:00
1774684800000,-1.938e-05,2026-03-28 08:00:00+00:00
1774713600000,-3.452e-05,2026-03-28 16:00:00+00:00
1774742400000,-1.612e-05,2026-03-29 00:00:00+00:00
1774771200000,-2.567e-05,2026-03-29 08:00:00+00:00
1774800000000,1.795e-05,2026-03-29 16:00:00+00:00
1774828800000,1.496e-05,2026-03-30 00:00:00+00:00
1774857600000,-8.47e-06,2026-03-30 08:00:00+00:00
1774886400000,-6.93e-06,2026-03-30 16:00:00+00:00
1774915200000,-4.15e-05,2026-03-31 00:00:00+00:00
1774944000000,3.004e-05,2026-03-31 08:00:00+00:00
1774972800000,2.679e-05,2026-03-31 16:00:00+00:00
1775001600000,1.245e-05,2026-04-01 00:00:00+00:00
1775030400000,8.087e-05,2026-04-01 08:00:00+00:00
1775059200000,2.341e-05,2026-04-01 16:00:00+00:00
1775088000000,-5.38e-06,2026-04-02 00:00:00+00:00
1775116800000,-5.339e-05,2026-04-02 08:00:00+00:00
1775145600000,-5.711e-05,2026-04-02 16:00:00+00:00
1775174400000,2.082e-05,2026-04-03 00:00:00+00:00
1775203200000,-2.173e-05,2026-04-03 08:00:00+00:00
1775232000000,1.606e-05,2026-04-03 16:00:00+00:00
1775260800000,4.64e-05,2026-04-04 00:00:00+00:00
1775289600000,3.085e-05,2026-04-04 08:00:00+00:00
1775318400000,1.429e-05,2026-04-04 16:00:00+00:00
1775347200000,2.88e-06,2026-04-05 00:00:00+00:00
1775376000000,-3.078e-05,2026-04-05 08:00:00+00:00
1775404800000,1.708e-05,2026-04-05 16:00:00+00:00
1775433600000,4.917e-05,2026-04-06 00:00:00+00:00
1775462400000,6.702e-05,2026-04-06 08:00:00+00:00
1775491200000,-1.085e-05,2026-04-06 16:00:00+00:00
1775520000000,-6.556e-05,2026-04-07 00:00:00+00:00
1775548800000,-2.482e-05,2026-04-07 08:00:00+00:00
1775577600000,3.37e-06,2026-04-07 16:00:00+00:00
1775606400000,8.173e-05,2026-04-08 00:00:00+00:00
